--
-- PostgreSQL database dump
--

-- Dumped from database version 12.4
-- Dumped by pg_dump version 12.0

-- Started on 2020-09-27 15:39:30 BST

SET statement_timeout = 0;
SET lock_timeout = 0;
SET idle_in_transaction_session_timeout = 0;
SET client_encoding = 'UTF8';
SET standard_conforming_strings = on;
SELECT pg_catalog.set_config('search_path', '', false);
SET check_function_bodies = false;
SET xmloption = content;
SET client_min_messages = warning;
SET row_security = off;

SET default_tablespace = '';

SET default_table_access_method = heap;

--
-- TOC entry 202 (class 1259 OID 16703)
-- Name: direct_messages; Type: TABLE; Schema: public; Owner: -
--

CREATE TABLE public.direct_messages (
    id integer NOT NULL,
    content text NOT NULL,
    recipient integer NOT NULL,
    sender integer NOT NULL,
    "createdAt" timestamp without time zone NOT NULL
);


--
-- TOC entry 203 (class 1259 OID 16709)
-- Name: direct_messages_id_seq; Type: SEQUENCE; Schema: public; Owner: -
--

ALTER TABLE public.direct_messages ALTER COLUMN id ADD GENERATED BY DEFAULT AS IDENTITY (
    SEQUENCE NAME public.direct_messages_id_seq
    START WITH 1
    INCREMENT BY 1
    NO MINVALUE
    NO MAXVALUE
    CACHE 1
);


--
-- TOC entry 204 (class 1259 OID 16711)
-- Name: server_messages; Type: TABLE; Schema: public; Owner: -
--

CREATE TABLE public.server_messages (
    id integer NOT NULL,
    server integer NOT NULL,
    sender integer NOT NULL,
    content text NOT NULL,
    "createdAt" timestamp without time zone NOT NULL
);


--
-- TOC entry 205 (class 1259 OID 16717)
-- Name: messages_id_seq; Type: SEQUENCE; Schema: public; Owner: -
--

ALTER TABLE public.server_messages ALTER COLUMN id ADD GENERATED BY DEFAULT AS IDENTITY (
    SEQUENCE NAME public.messages_id_seq
    START WITH 1
    INCREMENT BY 1
    NO MINVALUE
    NO MAXVALUE
    CACHE 1
);


--
-- TOC entry 206 (class 1259 OID 16719)
-- Name: password_reset_questions; Type: TABLE; Schema: public; Owner: -
--

CREATE TABLE public.password_reset_questions (
    id integer NOT NULL,
    question text NOT NULL
);


--
-- TOC entry 207 (class 1259 OID 16725)
-- Name: password_reset_questions_id_seq; Type: SEQUENCE; Schema: public; Owner: -
--

ALTER TABLE public.password_reset_questions ALTER COLUMN id ADD GENERATED BY DEFAULT AS IDENTITY (
    SEQUENCE NAME public.password_reset_questions_id_seq
    START WITH 1
    INCREMENT BY 1
    NO MINVALUE
    NO MAXVALUE
    CACHE 1
);


--
-- TOC entry 208 (class 1259 OID 16727)
-- Name: roles; Type: TABLE; Schema: public; Owner: -
--

CREATE TABLE public.roles (
    id text NOT NULL,
    name text NOT NULL
);


--
-- TOC entry 209 (class 1259 OID 16733)
-- Name: server_users; Type: TABLE; Schema: public; Owner: -
--

CREATE TABLE public.server_users (
    id integer NOT NULL,
    "user" integer NOT NULL,
    server integer NOT NULL,
    role text NOT NULL
);


--
-- TOC entry 210 (class 1259 OID 16739)
-- Name: server_users_id_seq; Type: SEQUENCE; Schema: public; Owner: -
--

ALTER TABLE public.server_users ALTER COLUMN id ADD GENERATED BY DEFAULT AS IDENTITY (
    SEQUENCE NAME public.server_users_id_seq
    START WITH 1
    INCREMENT BY 1
    NO MINVALUE
    NO MAXVALUE
    CACHE 1
);


--
-- TOC entry 211 (class 1259 OID 16741)
-- Name: servers; Type: TABLE; Schema: public; Owner: -
--

CREATE TABLE public.servers (
    id integer NOT NULL,
    name text NOT NULL,
    address text NOT NULL
);


--
-- TOC entry 212 (class 1259 OID 16747)
-- Name: servers_id_seq; Type: SEQUENCE; Schema: public; Owner: -
--

ALTER TABLE public.servers ALTER COLUMN id ADD GENERATED BY DEFAULT AS IDENTITY (
    SEQUENCE NAME public.servers_id_seq
    START WITH 1
    INCREMENT BY 1
    NO MINVALUE
    NO MAXVALUE
    CACHE 1
);


--
-- TOC entry 213 (class 1259 OID 16749)
-- Name: statuses; Type: TABLE; Schema: public; Owner: -
--

CREATE TABLE public.statuses (
    id text NOT NULL,
    name text NOT NULL
);


--
-- TOC entry 214 (class 1259 OID 16755)
-- Name: users; Type: TABLE; Schema: public; Owner: -
--

CREATE TABLE public.users (
    id integer NOT NULL,
    username text NOT NULL,
    password text NOT NULL,
    status text NOT NULL,
    password_reset_question integer NOT NULL,
    password_reset_answer text NOT NULL,
    salt text NOT NULL
);


--
-- TOC entry 215 (class 1259 OID 16761)
-- Name: users_id_seq; Type: SEQUENCE; Schema: public; Owner: -
--

ALTER TABLE public.users ALTER COLUMN id ADD GENERATED BY DEFAULT AS IDENTITY (
    SEQUENCE NAME public.users_id_seq
    START WITH 1
    INCREMENT BY 1
    NO MINVALUE
    NO MAXVALUE
    CACHE 1
);


--
-- TOC entry 3203 (class 0 OID 16703)
-- Dependencies: 202
-- Data for Name: direct_messages; Type: TABLE DATA; Schema: public; Owner: -
--

INSERT INTO public.direct_messages (id, content, recipient, sender, "createdAt") VALUES (1, 'Hello1', 1, 2, '2020-09-27 11:28:00');
INSERT INTO public.direct_messages (id, content, recipient, sender, "createdAt") VALUES (2, 'Hello2', 2, 1, '2020-09-27 11:29:00');
INSERT INTO public.direct_messages (id, content, recipient, sender, "createdAt") VALUES (3, 'Hello3', 1, 2, '2020-09-27 11:31:00');


--
-- TOC entry 3207 (class 0 OID 16719)
-- Dependencies: 206
-- Data for Name: password_reset_questions; Type: TABLE DATA; Schema: public; Owner: -
--

INSERT INTO public.password_reset_questions (id, question) VALUES (1, 'Example question');


--
-- TOC entry 3209 (class 0 OID 16727)
-- Dependencies: 208
-- Data for Name: roles; Type: TABLE DATA; Schema: public; Owner: -
--

INSERT INTO public.roles (id, name) VALUES ('ADMIN', 'admin');
INSERT INTO public.roles (id, name) VALUES ('MODERATOR', 'moderator');
INSERT INTO public.roles (id, name) VALUES ('MEMBER', 'member');


--
-- TOC entry 3205 (class 0 OID 16711)
-- Dependencies: 204
-- Data for Name: server_messages; Type: TABLE DATA; Schema: public; Owner: -
--

INSERT INTO public.server_messages (id, server, sender, content, "createdAt") VALUES (1, 1, 1, 'Hello1', '2020-09-27 11:28:00');
INSERT INTO public.server_messages (id, server, sender, content, "createdAt") VALUES (2, 1, 2, 'Hello2', '2020-09-27 11:28:00');
INSERT INTO public.server_messages (id, server, sender, content, "createdAt") VALUES (3, 1, 3, 'Hello3', '2020-09-27 11:28:00');


--
-- TOC entry 3210 (class 0 OID 16733)
-- Dependencies: 209
-- Data for Name: server_users; Type: TABLE DATA; Schema: public; Owner: -
--

INSERT INTO public.server_users (id, "user", server, role) VALUES (2162, 1, 1, 'ADMIN');
INSERT INTO public.server_users (id, "user", server, role) VALUES (2163, 2, 1, 'MODERATOR');
INSERT INTO public.server_users (id, "user", server, role) VALUES (2164, 3, 1, 'MEMBER');
INSERT INTO public.server_users (id, "user", server, role) VALUES (2165, 1, 2, 'ADMIN');
INSERT INTO public.server_users (id, "user", server, role) VALUES (2166, 3, 2, 'MEMBER');


--
-- TOC entry 3212 (class 0 OID 16741)
-- Dependencies: 211
-- Data for Name: servers; Type: TABLE DATA; Schema: public; Owner: -
--

INSERT INTO public.servers (id, name, address) VALUES (1, 'Example Server', 'exampleserver');
INSERT INTO public.servers (id, name, address) VALUES (2, 'Second Server', 'server2');


--
-- TOC entry 3214 (class 0 OID 16749)
-- Dependencies: 213
-- Data for Name: statuses; Type: TABLE DATA; Schema: public; Owner: -
--

INSERT INTO public.statuses (id, name) VALUES ('OFFLINE', 'offline');
INSERT INTO public.statuses (id, name) VALUES ('ONLINE', 'online');
INSERT INTO public.statuses (id, name) VALUES ('BUSY', 'busy');


--
-- TOC entry 3215 (class 0 OID 16755)
-- Dependencies: 214
-- Data for Name: users; Type: TABLE DATA; Schema: public; Owner: -
--

INSERT INTO public.users (id, username, password, status, password_reset_question, password_reset_answer, salt) VALUES (1, 'admin', 'HR4k27KJND26WXIAiSchGw==', 'OFFLINE', 1, 'Hello', '4uG21O6919XIevjAzSjTug==');
INSERT INTO public.users (id, username, password, status, password_reset_question, password_reset_answer, salt) VALUES (2, 'moderator', 'u0VJ4by6/s3BfWKFAegUew==', 'OFFLINE', 1, 'Hello', '9GKUAGXuVB4km8szW/kHuQ==');
INSERT INTO public.users (id, username, password, status, password_reset_question, password_reset_answer, salt) VALUES (3, 'member', 'AcQg2Qee57/Sa2G0fN931Q==', 'OFFLINE', 1, 'Hello', 'Iqkk+j+zuoO8pO6SaK/adQ==');
INSERT INTO public.users (id, username, password, status, password_reset_question, password_reset_answer, salt) VALUES (4, 'extramember', 'noXRTgObMwWCJNVPNljZQQ==', 'OFFLINE', 1, 'Hello', '2NVIveKi7uAuHGovdk+tLw==');


--
-- TOC entry 3222 (class 0 OID 0)
-- Dependencies: 203
-- Name: direct_messages_id_seq; Type: SEQUENCE SET; Schema: public; Owner: -
--

SELECT pg_catalog.setval('public.direct_messages_id_seq', 9, true);


--
-- TOC entry 3223 (class 0 OID 0)
-- Dependencies: 205
-- Name: messages_id_seq; Type: SEQUENCE SET; Schema: public; Owner: -
--

SELECT pg_catalog.setval('public.messages_id_seq', 9, true);


--
-- TOC entry 3224 (class 0 OID 0)
-- Dependencies: 207
-- Name: password_reset_questions_id_seq; Type: SEQUENCE SET; Schema: public; Owner: -
--

SELECT pg_catalog.setval('public.password_reset_questions_id_seq', 1, false);


--
-- TOC entry 3225 (class 0 OID 0)
-- Dependencies: 210
-- Name: server_users_id_seq; Type: SEQUENCE SET; Schema: public; Owner: -
--

SELECT pg_catalog.setval('public.server_users_id_seq', 2166, true);


--
-- TOC entry 3226 (class 0 OID 0)
-- Dependencies: 212
-- Name: servers_id_seq; Type: SEQUENCE SET; Schema: public; Owner: -
--

SELECT pg_catalog.setval('public.servers_id_seq', 7, true);


--
-- TOC entry 3227 (class 0 OID 0)
-- Dependencies: 215
-- Name: users_id_seq; Type: SEQUENCE SET; Schema: public; Owner: -
--

SELECT pg_catalog.setval('public.users_id_seq', 6, true);


--
-- TOC entry 3053 (class 2606 OID 16764)
-- Name: direct_messages direct_messages_pkey; Type: CONSTRAINT; Schema: public; Owner: -
--

ALTER TABLE ONLY public.direct_messages
    ADD CONSTRAINT direct_messages_pkey PRIMARY KEY (id);


--
-- TOC entry 3055 (class 2606 OID 16766)
-- Name: server_messages messages_pkey; Type: CONSTRAINT; Schema: public; Owner: -
--

ALTER TABLE ONLY public.server_messages
    ADD CONSTRAINT messages_pkey PRIMARY KEY (id);


--
-- TOC entry 3057 (class 2606 OID 16768)
-- Name: password_reset_questions password_reset_questions_pkey; Type: CONSTRAINT; Schema: public; Owner: -
--

ALTER TABLE ONLY public.password_reset_questions
    ADD CONSTRAINT password_reset_questions_pkey PRIMARY KEY (id);


--
-- TOC entry 3061 (class 2606 OID 16770)
-- Name: server_users server_users_pkey; Type: CONSTRAINT; Schema: public; Owner: -
--

ALTER TABLE ONLY public.server_users
    ADD CONSTRAINT server_users_pkey PRIMARY KEY (id);


--
-- TOC entry 3063 (class 2606 OID 16772)
-- Name: servers servers_pkey; Type: CONSTRAINT; Schema: public; Owner: -
--

ALTER TABLE ONLY public.servers
    ADD CONSTRAINT servers_pkey PRIMARY KEY (id);


--
-- TOC entry 3059 (class 2606 OID 16774)
-- Name: roles user_role_pkey; Type: CONSTRAINT; Schema: public; Owner: -
--

ALTER TABLE ONLY public.roles
    ADD CONSTRAINT user_role_pkey PRIMARY KEY (id);


--
-- TOC entry 3065 (class 2606 OID 16776)
-- Name: statuses user_status_pkey; Type: CONSTRAINT; Schema: public; Owner: -
--

ALTER TABLE ONLY public.statuses
    ADD CONSTRAINT user_status_pkey PRIMARY KEY (id);


--
-- TOC entry 3067 (class 2606 OID 16778)
-- Name: users users_pkey; Type: CONSTRAINT; Schema: public; Owner: -
--

ALTER TABLE ONLY public.users
    ADD CONSTRAINT users_pkey PRIMARY KEY (id);


--
-- TOC entry 3075 (class 2606 OID 16779)
-- Name: users password_reset_question; Type: FK CONSTRAINT; Schema: public; Owner: -
--

ALTER TABLE ONLY public.users
    ADD CONSTRAINT password_reset_question FOREIGN KEY (password_reset_question) REFERENCES public.password_reset_questions(id);


--
-- TOC entry 3068 (class 2606 OID 16824)
-- Name: direct_messages recipient; Type: FK CONSTRAINT; Schema: public; Owner: -
--

ALTER TABLE ONLY public.direct_messages
    ADD CONSTRAINT recipient FOREIGN KEY (recipient) REFERENCES public.users(id) NOT VALID;


--
-- TOC entry 3072 (class 2606 OID 16789)
-- Name: server_users role; Type: FK CONSTRAINT; Schema: public; Owner: -
--

ALTER TABLE ONLY public.server_users
    ADD CONSTRAINT role FOREIGN KEY (role) REFERENCES public.roles(id);


--
-- TOC entry 3069 (class 2606 OID 16829)
-- Name: direct_messages sender; Type: FK CONSTRAINT; Schema: public; Owner: -
--

ALTER TABLE ONLY public.direct_messages
    ADD CONSTRAINT sender FOREIGN KEY (sender) REFERENCES public.users(id) NOT VALID;


--
-- TOC entry 3071 (class 2606 OID 16839)
-- Name: server_messages sender; Type: FK CONSTRAINT; Schema: public; Owner: -
--

ALTER TABLE ONLY public.server_messages
    ADD CONSTRAINT sender FOREIGN KEY (sender) REFERENCES public.users(id) NOT VALID;


--
-- TOC entry 3073 (class 2606 OID 16799)
-- Name: server_users server; Type: FK CONSTRAINT; Schema: public; Owner: -
--

ALTER TABLE ONLY public.server_users
    ADD CONSTRAINT server FOREIGN KEY (server) REFERENCES public.servers(id);


--
-- TOC entry 3070 (class 2606 OID 16834)
-- Name: server_messages server; Type: FK CONSTRAINT; Schema: public; Owner: -
--

ALTER TABLE ONLY public.server_messages
    ADD CONSTRAINT server FOREIGN KEY (server) REFERENCES public.servers(id) NOT VALID;


--
-- TOC entry 3076 (class 2606 OID 16809)
-- Name: users status; Type: FK CONSTRAINT; Schema: public; Owner: -
--

ALTER TABLE ONLY public.users
    ADD CONSTRAINT status FOREIGN KEY (status) REFERENCES public.statuses(id);


--
-- TOC entry 3074 (class 2606 OID 16814)
-- Name: server_users user; Type: FK CONSTRAINT; Schema: public; Owner: -
--

ALTER TABLE ONLY public.server_users
    ADD CONSTRAINT "user" FOREIGN KEY ("user") REFERENCES public.users(id);

--
-- Add status and role resources
--

INSERT INTO public.statuses (id, name)
    VALUES ('ONLINE', 'online'), ('BUSY', 'busy'), ('OFFLINE', 'offline');

INSERT INTO public.roles (id, name)
    VALUES ('ADMIN', 'admin'), ('MODERATOR', 'moderator'), ('MEMBER', 'member');


-- Completed on 2020-09-27 15:39:30 BST

--
-- PostgreSQL database dump complete
--

